"last_name, first_name","player_id","year","pop_2b_sba","pop_2b_cs","pop_3b_sba","pop_3b_cs","exchange_2b_3b_sba","maxeff_arm_2b_3b_sba"
"Hunter, Torii","116338","2015",,,,,,
"Ortiz, David","120074","2015",,,,,,
"Rodriguez, Alex","121347","2015",,,,,,
"Ramirez, Aramis","133380","2015",,,,,,
"Beltré, Adrian","134181","2015",,,,,,
"Beltrán, Carlos","136860","2015",,,,,,
"Rollins, Jimmy","276519","2015",,,,,,
"Pujols, Albert","405395","2015",,,,,,
"Byrd, Marlon","407781","2015",,,,,,
"Mauer, Joe","408045","2015",,,,,,
"Cabrera, Miguel","408234","2015",,,,,,
"González, Adrián","408236","2015",,,,,,
"Phillips, Brandon","408252","2015",,,,,,
"Reyes, José","408314","2015",,,,,,
"Peralta, Jhonny","425509","2015",,,,,,
"Choo, Shin-Soo","425783","2015",,,,,,
"Molina, Yadier","425877","2015","1.97","1.98","1.6",,"0.74","83.7"
"Fielder, Prince","425902","2015",,,,,,
"Canó, Robinson","429664","2015",,,,,,
"Encarnación, Edwin","429665","2015",,,,,,
"Howard, Ryan","429667","2015",,,,,,
"Bautista, José","430832","2015",,,,,,
"Jones, Adam","430945","2015",,,,,,
"Aybar, Erick","430947","2015",,,,,,
"Martin, Russell","431145","2015","1.97","1.98","1.47","1.48","0.74","86.2"
"Granderson, Curtis","434158","2015",,,,,,
"Pagán, Ángel","434636","2015",,,,,,
"Morales, Kendrys","434778","2015",,,,,,
"Kinsler, Ian","435079","2015",,,,,,
"McCann, Brian","435263","2015","2.05","2.07","1.68","1.66","0.75","79"
"Walker, Neil","435522","2015",,,,,,
"Desmond, Ian","435622","2015",,,,,,
"Cruz Jr., Nelson","443558","2015",,,,,,
"Trumbo, Mark","444432","2015",,,,,,
"Peralta, David","444482","2015",,,,,,
"Escobar, Alcides","444876","2015",,,,,,
"Prado, Martín","445988","2015",,,,,,
"Duda, Lucas","446263","2015",,,,,,
"Longoria, Evan","446334","2015",,,,,,
"Davis, Chris","448801","2015",,,,,,
"Zobrist, Ben","450314","2015",,,,,,
"Fowler, Dexter","451594","2015",,,,,,
"Headley, Chase","452104","2015",,,,,,
"Lind, Adam","452252","2015",,,,,,
"Cabrera, Asdrúbal","452678","2015",,,,,,
"Tulowitzki, Troy","453064","2015",,,,,,
"Blackmon, Charlie","453568","2015",,,,,,
"Frazier, Todd","453943","2015",,,,,,
"Markakis, Nick","455976","2015",,,,,,
"Butler, Billy","456714","2015",,,,,,
"Cain, Lorenzo","456715","2015",,,,,,
"McCutchen, Andrew","457705","2015",,,,,,
"Jackson, Austin","457706","2015",,,,,,
"Upton, Justin","457708","2015",,,,,,
"Maybin, Cameron","457727","2015",,,,,,
"Posey III, Buster","457763","2015","2.05","2.06","1.6","1.6","0.75","82.1"
"Bruce, Jay","457803","2015",,,,,,
"Votto, Joey","458015","2015",,,,,,
"Coghlan, Chris","458085","2015",,,,,,
"Gardner, Brett","458731","2015",,,,,,
"Braun, Ryan","460075","2015",,,,,,
"Moss, Brandon","461235","2015",,,,,,
"Kemp, Matt","461314","2015",,,,,,
"Plouffe, Trevor","461858","2015",,,,,,
"Andrus, Elvis","462101","2015",,,,,,
"Cervelli, Francisco","465041","2015","2.01","2.01","1.61","1.66","0.74","81.2"
"Cabrera, Melky","466320","2015",,,,,,
"Sandoval, Pablo","467055","2015",,,,,,
"Ramos, Wilson","467092","2015","2.01","2.02","1.58",,"0.75","83.5"
"Santana, Carlos","467793","2015",,,,,,
"Parra, Gerardo","467827","2015",,,,,,
"González, Carlos","471865","2015",,,,,,
"Belt, Brandon","474832","2015",,,,,,
"Brantley Jr., Michael","488726","2015",,,,,,
"Escobar, Yunel","488862","2015",,,,,,
"Morrison, Logan","489149","2015",,,,,,
"Cespedes, Yoenis","493316","2015",,,,,,
"Ramirez, Alexei","493351","2015",,,,,,
"Solarte, Yangervis","500208","2015",,,,,,
"Martinez, J.D.","502110","2015",,,,,,
"Reddick, Josh","502210","2015",,,,,,
"Murphy, Daniel","502517","2015",,,,,,
"Goldschmidt, Paul","502671","2015",,,,,,
"Altuve, Jose","514888","2015",,,,,,
"Segura, Jean","516416","2015",,,,,,
"Castro, Starlin","516770","2015",,,,,,
"Marte, Starling","516782","2015",,,,,,
"Donaldson, Josh","518626","2015",,,,,,
"Heyward, Jason","518792","2015",,,,,,
"LeMahieu, DJ","518934","2015",,,,,,
"Moreland, Mitch","519048","2015",,,,,,
"Moustakas, Mike","519058","2015",,,,,,
"Norris, Derek","519083","2015","1.98","1.98","1.59","1.61","0.7","81.1"
"Revere, Ben","519184","2015",,,,,,
"Rizzo, Anthony","519203","2015",,,,,,
"Vogt, Stephen","519390","2015","2.08","2.05","1.61","1.63","0.75","78.4"
"Galvis, Freddy","520471","2015",,,,,,
"Perez, Salvador","521692","2015","1.96","1.95","1.43","1.4","0.71","84"
"Forsythe, Logan","523253","2015",,,,,,
"Flores, Wilmer","527038","2015",,,,,,
"García, Avisaíl","541645","2015",,,,,,
"Inciarte, Ender","542255","2015",,,,,,
"Burns, Billy","542993","2015",,,,,,
"Crawford, Brandon","543063","2015",,,,,,
"Giavotella, Johnny","543213","2015",,,,,,
"Gose, Anthony","543238","2015",,,,,,
"Hosmer, Eric","543333","2015",,,,,,
"Kipnis, Jason","543401","2015",,,,,,
"Lawrie, Brett","543434","2015",,,,,,
"Semien, Marcus","543760","2015",,,,,,
"Strange-Gordon, Dee","543829","2015",,,,,,
"Wong, Kolten","543939","2015",,,,,,
"Gregorius, Didi","544369","2015",,,,,,
"Trout, Mike","545361","2015",,,,,,
"Herrera, Odúbel","546318","2015",,,,,,
"Harper, Bryce","547180","2015",,,,,,
"Abreu, José","547989","2015",,,,,,
"Polanco, Gregory","570256","2015",,,,,,
"Arenado, Nolan","571448","2015",,,,,,
"Holt, Brock","571788","2015",,,,,,
"Owings, Chris","572008","2015",,,,,,
"Pollock, AJ","572041","2015",,,,,,
"Seager, Kyle","572122","2015",,,,,,
"Taylor, Michael A.","572191","2015",,,,,,
"Carpenter, Matt","572761","2015",,,,,,
"Dozier, Brian","572821","2015",,,,,,
"Bryant, Kris","592178","2015",,,,,,
"Castellanos, Nick","592206","2015",,,,,,
"Machado, Manny","592518","2015",,,,,,
"Pederson, Joc","592626","2015",,,,,,
"Simmons, Andrelton","592743","2015",,,,,,
"Yelich, Christian","592885","2015",,,,,,
"Bogaerts, Xander","593428","2015",,,,,,
"Calhoun, Kole","594777","2015",,,,,,
"Eaton, Adam","594809","2015",,,,,,
"Gattis, Evan","594828","2015",,,,,,
"Kiermaier, Kevin","595281","2015",,,,,,
"Betts, Mookie","605141","2015",,,,,,
"Peterson, Jace","607054","2015",,,,,,
"Pillar, Kevin","607680","2015",,,,,,
"Russell, Addison","608365","2015",,,,,,
"Duffy, Matt","622110","2015",,,,,,
"Ortiz, David","120074","2016",,,,,,
"Beltré, Adrian","134181","2016",,,,,,
"Beltrán, Carlos","136860","2016",,,,,,
"Werth, Jayson","150029","2016",,,,,,
"Martinez, Victor","400121","2016",,,,,,
"Utley, Chase","400284","2016",,,,,,
"Pujols, Albert","405395","2016",,,,,,
"Mauer, Joe","408045","2016",,,,,,
"Cabrera, Miguel","408234","2016",,,,,,
"González, Adrián","408236","2016",,,,,,
"Phillips, Brandon","408252","2016",,,,,,
"Upton Jr., B.J.","425834","2016",,,,,,
"Molina, Yadier","425877","2016","1.96","1.94","1.64","1.58","0.7","83.6"
"Canó, Robinson","429664","2016",,,,,,
"Encarnación, Edwin","429665","2016",,,,,,
"Bautista, José","430832","2016",,,,,,
"Jones, Adam","430945","2016",,,,,,
"Martin, Russell","431145","2016","2.02","1.99","1.55","1.53","0.77","84.2"
"Granderson, Curtis","434158","2016",,,,,,
"Pagán, Ángel","434636","2016",,,,,,
"Ramirez, Hanley","434670","2016",,,,,,
"Morales, Kendrys","434778","2016",,,,,,
"Kendrick III, Howie","435062","2016",,,,,,
"Napoli, Mike","435063","2016",,,,,,
"Kinsler, Ian","435079","2016",,,,,,
"Desmond, Ian","435622","2016",,,,,,
"Cruz Jr., Nelson","443558","2016",,,,,,
"Trumbo, Mark","444432","2016",,,,,,
"Escobar, Alcides","444876","2016",,,,,,
"Prado, Martín","445988","2016",,,,,,
"Longoria, Evan","446334","2016",,,,,,
"Cozart, Zack","446359","2016",,,,,,
"Davis, Chris","448801","2016",,,,,,
"Zobrist, Ben","450314","2016",,,,,,
"Fowler, Dexter","451594","2016",,,,,,
"Headley, Chase","452104","2016",,,,,,
"Span, Denard","452655","2016",,,,,,
"Cabrera, Asdrúbal","452678","2016",,,,,,
"Ellsbury, Jacoby","453056","2016",,,,,,
"Tulowitzki, Troy","453064","2016",,,,,,
"Blackmon, Charlie","453568","2016",,,,,,
"Frazier, Todd","453943","2016",,,,,,
"Markakis, Nick","455976","2016",,,,,,
"Pedroia, Dustin","456030","2016",,,,,,
"Núñez, Eduardo","456488","2016",,,,,,
"McCutchen, Andrew","457705","2016",,,,,,
"Upton, Justin","457708","2016",,,,,,
"Turner, Justin","457759","2016",,,,,,
"Posey III, Buster","457763","2016","2.03","2.02","1.62","1.54","0.76","83.6"
"Espinosa, Danny","457787","2016",,,,,,
"Bruce, Jay","457803","2016",,,,,,
"Votto, Joey","458015","2016",,,,,,
"Gardner, Brett","458731","2016",,,,,,
"Saunders, Michael","459431","2016",,,,,,
"Braun, Ryan","460075","2016",,,,,,
"Gordon, Alex","460086","2016",,,,,,
"Kemp, Matt","461314","2016",,,,,,
"Andrus, Elvis","462101","2016",,,,,,
"Cabrera, Melky","466320","2016",,,,,,
"Ramos, Wilson","467092","2016","2.04","2.05","1.59","1.61","0.76","82.2"
"Santana, Carlos","467793","2016",,,,,,
"González, Carlos","471865","2016",,,,,,
"Mercer, Jordy","474568","2016",,,,,,
"Belt, Brandon","474832","2016",,,,,,
"Carter, Chris","474892","2016",,,,,,
"Alonso, Yonder","475174","2016",,,,,,
"Escobar, Yunel","488862","2016",,,,,,
"Cespedes, Yoenis","493316","2016",,,,,,
"Ramirez, Alexei","493351","2016",,,,,,
"Davis, Khris","501981","2016",,,,,,
"Martinez, J.D.","502110","2016",,,,,,
"Valencia, Danny","502143","2016",,,,,,
"Murphy, Daniel","502517","2016",,,,,,
"Goldschmidt, Paul","502671","2016",,,,,,
"Gonzalez, Marwin","503556","2016",,,,,,
"Altuve, Jose","514888","2016",,,,,,
"Hernández, César","514917","2016",,,,,,
"Segura, Jean","516416","2016",,,,,,
"Castro, Starlin","516770","2016",,,,,,
"Marte, Starling","516782","2016",,,,,,
"Donaldson, Josh","518626","2016",,,,,,
"Freeman, Freddie","518692","2016",,,,,,
"Heyward, Jason","518792","2016",,,,,,
"LeMahieu, DJ","518934","2016",,,,,,
"Lucroy, Jonathan","518960","2016","2.01","2.01","1.58","1.55","0.73","81.1"
"Moreland, Mitch","519048","2016",,,,,,
"Rizzo, Anthony","519203","2016",,,,,,
"Vogt, Stephen","519390","2016","2.1","2.11","1.66",,"0.71","76.3"
"Galvis, Freddy","520471","2016",,,,,,
"Perez, Salvador","521692","2016","1.94","1.93","1.51","1.52","0.67","83.9"
"Forsythe, Logan","523253","2016",,,,,,
"Inciarte, Ender","542255","2016",,,,,,
"Ozuna, Marcell","542303","2016",,,,,,
"Villar, Jonathan","542340","2016",,,,,,
"Crawford, Brandon","543063","2016",,,,,,
"Harrison, Josh","543281","2016",,,,,,
"Hosmer, Eric","543333","2016",,,,,,
"Kipnis, Jason","543401","2016",,,,,,
"Miller, Brad","543543","2016",,,,,,
"Rendon, Anthony","543685","2016",,,,,,
"Semien, Marcus","543760","2016",,,,,,
"Shaw, Travis","543768","2016",,,,,,
"Springer III, George","543807","2016",,,,,,
"Gregorius, Didi","544369","2016",,,,,,
"Trout, Mike","545361","2016",,,,,,
"Herrera, Odúbel","546318","2016",,,,,,
"Harper, Bryce","547180","2016",,,,,,
"Martin, Leonys","547982","2016",,,,,,
"Abreu, José","547989","2016",,,,,,
"Suárez, Eugenio","553993","2016",,,,,,
"Polanco, Gregory","570256","2016",,,,,,
"Schoop, Jonathan","570731","2016",,,,,,
"Arenado, Nolan","571448","2016",,,,,,
"Gennett, Scooter","571697","2016",,,,,,
"Lamb, Jake","571875","2016",,,,,,
"Myers, Wil","571976","2016",,,,,,
"Piscotty, Stephen","572039","2016",,,,,,
"Seager, Kyle","572122","2016",,,,,,
"Carpenter, Matt","572761","2016",,,,,,
"Dickerson, Corey","572816","2016",,,,,,
"Dozier, Brian","572821","2016",,,,,,
"Iglesias, Jose","578428","2016",,,,,,
"Hechavarría, Adeiny","588751","2016",,,,,,
"Bryant, Kris","592178","2016",,,,,,
"Machado, Manny","592518","2016",,,,,,
"Realmuto, J.T.","592663","2016","1.91","1.92","1.46",,"0.7","87"
"Yelich, Christian","592885","2016",,,,,,
"Bogaerts, Xander","593428","2016",,,,,,
"Calhoun, Kole","594777","2016",,,,,,
"Duvall, Adam","594807","2016",,,,,,
"Eaton, Adam","594809","2016",,,,,,
"Lindor, Francisco","596019","2016",,,,,,
"Odor, Rougned","596059","2016",,,,,,
"Cuthbert, Cheslor","596144","2016",,,,,,
"Franco, Maikel","596748","2016",,,,,,
"Bradley Jr., Jackie","598265","2016",,,,,,
"Betts, Mookie","605141","2016",,,,,,
"Panik, Joe","605412","2016",,,,,,
"Pillar, Kevin","607680","2016",,,,,,
"Ramírez, José","608070","2016",,,,,,
"Russell, Addison","608365","2016",,,,,,
"Seager, Corey","608369","2016",,,,,,
"Mazara, Nomar","608577","2016",,,,,,
"García, Adonis","611177","2016",,,,,,
"Correa, Carlos","621043","2016",,,,,,
"Tomás, Yasmany","630111","2016",,,,,,
"Beltrán, Carlos","136860","2017",,,,,,
"Pujols, Albert","405395","2017",,,,,,
"Mauer, Joe","408045","2017",,,,,,
"Cabrera, Miguel","408234","2017",,,,,,
"Phillips, Brandon","408252","2017",,,,,,
"Reyes, José","408314","2017",,,,,,
"Choo, Shin-Soo","425783","2017",,,,,,
"Molina, Yadier","425877","2017","1.97","2","1.57","1.59","0.73","83.3"
"Canó, Robinson","429664","2017",,,,,,
"Encarnación, Edwin","429665","2017",,,,,,
"Bautista, José","430832","2017",,,,,,
"Jones, Adam","430945","2017",,,,,,
"Granderson, Curtis","434158","2017",,,,,,
"Ramirez, Hanley","434670","2017",,,,,,
"Morales, Kendrys","434778","2017",,,,,,
"Kinsler, Ian","435079","2017",,,,,,
"Cruz Jr., Nelson","443558","2017",,,,,,
"Trumbo, Mark","444432","2017",,,,,,
"Peralta, David","444482","2017",,,,,,
"Escobar, Alcides","444876","2017",,,,,,
"Longoria, Evan","446334","2017",,,,,,
"Cozart, Zack","446359","2017",,,,,,
"Reynolds, Mark","448602","2017",,,,,,
"Davis, Chris","448801","2017",,,,,,
"Headley, Chase","452104","2017",,,,,,
"Pence, Hunter","452254","2017",,,,,,
"Span, Denard","452655","2017",,,,,,
"Cabrera, Asdrúbal","452678","2017",,,,,,
"Blackmon, Charlie","453568","2017",,,,,,
"Frazier, Todd","453943","2017",,,,,,
"Markakis, Nick","455976","2017",,,,,,
"Cain, Lorenzo","456715","2017",,,,,,
"McCutchen, Andrew","457705","2017",,,,,,
"Upton, Justin","457708","2017",,,,,,
"Turner, Justin","457759","2017",,,,,,
"Posey III, Buster","457763","2017","2.02","2","1.6","1.59","0.75","82.5"
"Bruce, Jay","457803","2017",,,,,,
"Votto, Joey","458015","2017",,,,,,
"Gardner, Brett","458731","2017",,,,,,
"Joyce, Matt","459964","2017",,,,,,
"Gordon, Alex","460086","2017",,,,,,
"Andrus, Elvis","462101","2017",,,,,,
"Cabrera, Melky","466320","2017",,,,,,
"Santana, Carlos","467793","2017",,,,,,
"González, Carlos","471865","2017",,,,,,
"Mercer, Jordy","474568","2017",,,,,,
"Alonso, Yonder","475174","2017",,,,,,
"Smoak, Justin","475253","2017",,,,,,
"Zimmerman, Ryan","475582","2017",,,,,,
"Lowrie, Jed","476704","2017",,,,,,
"Morrison, Logan","489149","2017",,,,,,
"Gurriel, Yuli","493329","2017",,,,,,
"Solarte, Yangervis","500208","2017",,,,,,
"Freese, David","501896","2017",,,,,,
"Davis, Khris","501981","2017",,,,,,
"Pham, Tommy","502054","2017",,,,,,
"Reddick, Josh","502210","2017",,,,,,
"Murphy, Daniel","502517","2017",,,,,,
"Goldschmidt, Paul","502671","2017",,,,,,
"Gonzalez, Marwin","503556","2017",,,,,,
"Altuve, Jose","514888","2017",,,,,,
"Hernández, César","514917","2017",,,,,,
"Segura, Jean","516416","2017",,,,,,
"Freeman, Freddie","518692","2017",,,,,,
"LeMahieu, DJ","518934","2017",,,,,,
"Moreland, Mitch","519048","2017",,,,,,
"Moustakas, Mike","519058","2017",,,,,,
"Rizzo, Anthony","519203","2017",,,,,,
"Souza Jr., Steven","519306","2017",,,,,,
"Stanton, Giancarlo","519317","2017",,,,,,
"Thames, Eric","519346","2017",,,,,,
"Galvis, Freddy","520471","2017",,,,,,
"García, Avisaíl","541645","2017",,,,,,
"Inciarte, Ender","542255","2017",,,,,,
"Ozuna, Marcell","542303","2017",,,,,,
"Beckham, Tim","542921","2017",,,,,,
"Crawford, Brandon","543063","2017",,,,,,
"Harrison, Josh","543281","2017",,,,,,
"Hosmer, Eric","543333","2017",,,,,,
"Rendon, Anthony","543685","2017",,,,,,
"Shaw, Travis","543768","2017",,,,,,
"Springer III, George","543807","2017",,,,,,
"Strange-Gordon, Dee","543829","2017",,,,,,
"Gregorius, Didi","544369","2017",,,,,,
"Trout, Mike","545361","2017",,,,,,
"Herrera, Odúbel","546318","2017",,,,,,
"Abreu, José","547989","2017",,,,,,
"Suárez, Eugenio","553993","2017",,,,,,
"Santana, Domingo","570267","2017",,,,,,
"Sánchez, Yolmer","570560","2017",,,,,,
"Schoop, Jonathan","570731","2017",,,,,,
"Arenado, Nolan","571448","2017",,,,,,
"Hamilton, Billy","571740","2017",,,,,,
"Joseph, Tommy","571830","2017",,,,,,
"Lamb, Jake","571875","2017",,,,,,
"Myers, Wil","571976","2017",,,,,,
"Seager, Kyle","572122","2017",,,,,,
"Carpenter, Matt","572761","2017",,,,,,
"Dickerson, Corey","572816","2017",,,,,,
"Dozier, Brian","572821","2017",,,,,,
"Bryant, Kris","592178","2017",,,,,,
"Castellanos, Nick","592206","2017",,,,,,
"Gamel, Ben","592325","2017",,,,,,
"Healy, Ryon","592387","2017",,,,,,
"Judge, Aaron","592450","2017",,,,,,
"Machado, Manny","592518","2017",,,,,,
"Realmuto, J.T.","592663","2017","1.9","1.92","1.49","1.48","0.68","87"
"Rosario, Eddie","592696","2017",,,,,,
"Simmons, Andrelton","592743","2017",,,,,,
"Yelich, Christian","592885","2017",,,,,,
"Merrifield, Whit","593160","2017",,,,,,
"Bogaerts, Xander","593428","2017",,,,,,
"Polanco, Jorge","593871","2017",,,,,,
"Calhoun, Kole","594777","2017",,,,,,
"Duvall, Adam","594807","2017",,,,,,
"Schebler, Scott","594988","2017",,,,,,
"Báez, Javier","595879","2017",,,,,,
"Lindor, Francisco","596019","2017",,,,,,
"Odor, Rougned","596059","2017",,,,,,
"Story, Trevor","596115","2017",,,,,,
"Sánchez, Gary","596142","2017","1.93","1.93","1.5",,"0.74","87.8"
"Kepler, Max","596146","2017",,,,,,
"Franco, Maikel","596748","2017",,,,,,
"Bradley Jr., Jackie","598265","2017",,,,,,
"Bell, Josh","605137","2017",,,,,,
"Betts, Mookie","605141","2017",,,,,,
"Panik, Joe","605412","2017",,,,,,
"Arcia, Orlando","606115","2017",,,,,,
"Peraza, José","606299","2017",,,,,,
"Pillar, Kevin","607680","2017",,,,,,
"Ramírez, José","608070","2017",,,,,,
"Bregman, Alex","608324","2017",,,,,,
"Gallo, Joey","608336","2017",,,,,,
"Seager, Corey","608369","2017",,,,,,
"Mazara, Nomar","608577","2017",,,,,,
"Swanson, Dansby","621020","2017",,,,,,
"Taylor, Chris","621035","2017",,,,,,
"Buxton, Byron","621439","2017",,,,,,
"Margot, Manuel","622534","2017",,,,,,
"Puig, Yasiel","624577","2017",,,,,,
"Anderson, Tim","641313","2017",,,,,,
"Bellinger, Cody","641355","2017",,,,,,
"Mancini III, Trey","641820","2017",,,,,,
"Benintendi, Andrew","643217","2017",,,,,,
"Martinez, Victor","400121","2018",,,,,,
"Mauer, Joe","408045","2018",,,,,,
"Choo, Shin-Soo","425783","2018",,,,,,
"Molina, Yadier","425877","2018","2.05","2.05",,,"0.76","82.2"
"Encarnación, Edwin","429665","2018",,,,,,
"Jones, Adam","430945","2018",,,,,,
"Kinsler, Ian","435079","2018",,,,,,
"Desmond, Ian","435622","2018",,,,,,
"Cruz Jr., Nelson","443558","2018",,,,,,
"Peralta, David","444482","2018",,,,,,
"Escobar, Alcides","444876","2018",,,,,,
"Jay, Jon","445055","2018",,,,,,
"Longoria, Evan","446334","2018",,,,,,
"Davis, Chris","448801","2018",,,,,,
"Zobrist, Ben","450314","2018",,,,,,
"Cabrera, Asdrúbal","452678","2018",,,,,,
"Blackmon, Charlie","453568","2018",,,,,,
"Markakis, Nick","455976","2018",,,,,,
"Núñez, Eduardo","456488","2018",,,,,,
"Cain, Lorenzo","456715","2018",,,,,,
"McCutchen, Andrew","457705","2018",,,,,,
"Upton, Justin","457708","2018",,,,,,
"Votto, Joey","458015","2018",,,,,,
"Gardner, Brett","458731","2018",,,,,,
"Gordon, Alex","460086","2018",,,,,,
"Kemp, Matt","461314","2018",,,,,,
"Santana, Carlos","467793","2018",,,,,,
"González, Carlos","471865","2018",,,,,,
"Alonso, Yonder","475174","2018",,,,,,
"Smoak, Justin","475253","2018",,,,,,
"Lowrie, Jed","476704","2018",,,,,,
"Brantley Jr., Michael","488726","2018",,,,,,
"Gurriel, Yuli","493329","2018",,,,,,
"Solarte, Yangervis","500208","2018",,,,,,
"Rojas, Miguel","500743","2018",,,,,,
"Escobar, Eduardo","500871","2018",,,,,,
"Martínez, José","500874","2018",,,,,,
"Davis, Khris","501981","2018",,,,,,
"Pham, Tommy","502054","2018",,,,,,
"Martinez, J.D.","502110","2018",,,,,,
"Goldschmidt, Paul","502671","2018",,,,,,
"Gonzalez, Marwin","503556","2018",,,,,,
"Altuve, Jose","514888","2018",,,,,,
"Hernández, César","514917","2018",,,,,,
"Segura, Jean","516416","2018",,,,,,
"Castro, Starlin","516770","2018",,,,,,
"Marte, Starling","516782","2018",,,,,,
"Dietrich, Derek","518618","2018",,,,,,
"Freeman, Freddie","518692","2018",,,,,,
"Grandal, Yasmani","518735","2018","2.04","2.04","1.62",,"0.74","80.7"
"LeMahieu, DJ","518934","2018",,,,,,
"Moustakas, Mike","519058","2018",,,,,,
"Rizzo, Anthony","519203","2018",,,,,,
"Stanton, Giancarlo","519317","2018",,,,,,
"Galvis, Freddy","520471","2018",,,,,,
"Perez, Salvador","521692","2018","1.98","1.98","1.53",,"0.69","82.2"
"Inciarte, Ender","542255","2018",,,,,,
"Ozuna, Marcell","542303","2018",,,,,,
"Villar, Jonathan","542340","2018",,,,,,
"Aguilar, Jesús","542583","2018",,,,,,
"Crawford, Brandon","543063","2018",,,,,,
"Cron, C.J.","543068","2018",,,,,,
"Hicks, Aaron","543305","2018",,,,,,
"Hosmer, Eric","543333","2018",,,,,,
"Kipnis, Jason","543401","2018",,,,,,
"Rendon, Anthony","543685","2018",,,,,,
"Semien, Marcus","543760","2018",,,,,,
"Shaw, Travis","543768","2018",,,,,,
"Springer III, George","543807","2018",,,,,,
"Strange-Gordon, Dee","543829","2018",,,,,,
"Gregorius, Didi","544369","2018",,,,,,
"Trout, Mike","545361","2018",,,,,,
"Herrera, Odúbel","546318","2018",,,,,,
"Harper, Bryce","547180","2018",,,,,,
"Abreu, José","547989","2018",,,,,,
"Suárez, Eugenio","553993","2018",,,,,,
"Polanco, Gregory","570256","2018",,,,,,
"Sánchez, Yolmer","570560","2018",,,,,,
"Arenado, Nolan","571448","2018",,,,,,
"Barnhart, Tucker","571466","2018","2.03","2.05","1.73","1.81","0.7","79.3"
"Gennett, Scooter","571697","2018",,,,,,
"Hamilton, Billy","571740","2018",,,,,,
"Haniger, Mitch","571745","2018",,,,,,
"Piscotty, Stephen","572039","2018",,,,,,
"Seager, Kyle","572122","2018",,,,,,
"Carpenter, Matt","572761","2018",,,,,,
"Dickerson, Corey","572816","2018",,,,,,
"Dozier, Brian","572821","2018",,,,,,
"Contreras, Willson","575929","2018","1.96","1.96","1.55","1.54","0.75","86.3"
"Castellanos, Nick","592206","2018",,,,,,
"Healy, Ryon","592387","2018",,,,,,
"Machado, Manny","592518","2018",,,,,,
"Realmuto, J.T.","592663","2018","1.9","1.88","1.47","1.46","0.69","87.8"
"Rosario, Eddie","592696","2018",,,,,,
"Simmons, Andrelton","592743","2018",,,,,,
"Yelich, Christian","592885","2018",,,,,,
"Merrifield, Whit","593160","2018",,,,,,
"Bogaerts, Xander","593428","2018",,,,,,
"Calhoun, Kole","594777","2018",,,,,,
"Profar, Jurickson","595777","2018",,,,,,
"Báez, Javier","595879","2018",,,,,,
"Lindor, Francisco","596019","2018",,,,,,
"Odor, Rougned","596059","2018",,,,,,
"Story, Trevor","596115","2018",,,,,,
"Kepler, Max","596146","2018",,,,,,
"Bradley Jr., Jackie","598265","2018",,,,,,
"Candelario, Jeimer","600869","2018",,,,,,
"Ahmed, Nick","605113","2018",,,,,,
"Anderson, Brian","605119","2018",,,,,,
"Bell, Josh","605137","2018",,,,,,
"Betts, Mookie","605141","2018",,,,,,
"Smith, Mallex","605480","2018",,,,,,
"Hernández, Teoscar","606192","2018",,,,,,
"Peraza, José","606299","2018",,,,,,
"Marte, Ketel","606466","2018",,,,,,
"Nimmo, Brandon","607043","2018",,,,,,
"Turner, Trea","607208","2018",,,,,,
"Pillar, Kevin","607680","2018",,,,,,
"Ramírez, José","608070","2018",,,,,,
"Bregman, Alex","608324","2018",,,,,,
"Gallo, Joey","608336","2018",,,,,,
"Mazara, Nomar","608577","2018",,,,,,
"Andujar, Miguel","609280","2018",,,,,,
"Swanson, Dansby","621020","2018",,,,,,
"Taylor, Chris","621035","2018",,,,,,
"Wendle, Joey","621563","2018",,,,,,
"Olson, Matt","621566","2018",,,,,,
"Duffy, Matt","622110","2018",,,,,,
"Margot, Manuel","622534","2018",,,,,,
"Camargo, Johan","622666","2018",,,,,,
"Conforto, Michael","624424","2018",,,,,,
"Anderson, Tim","641313","2018",,,,,,
"Bellinger, Cody","641355","2018",,,,,,
"Mancini III, Trey","641820","2018",,,,,,
"Rosario, Amed","642708","2018",,,,,,
"Benintendi, Andrew","643217","2018",,,,,,
"Albies, Ozzie","645277","2018",,,,,,
"Chapman, Matt","656305","2018",,,,,,
"Hoskins, Rhys","656555","2018",,,,,,
"Schwarber, Kyle","656941","2018",,,,,,
"Moncada, Yoán","660162","2018",,,,,,
"Pujols, Albert","405395","2019",,,,,,
"Cabrera, Miguel","408234","2019",,,,,,
"Choo, Shin-Soo","425783","2019",,,,,,
"Jones, Adam","430945","2019",,,,,,
"Cruz Jr., Nelson","443558","2019",,,,,,
"Longoria, Evan","446334","2019",,,,,,
"Fowler, Dexter","451594","2019",,,,,,
"Cabrera, Asdrúbal","452678","2019",,,,,,
"Blackmon, Charlie","453568","2019",,,,,,
"Cain, Lorenzo","456715","2019",,,,,,
"Turner, Justin","457759","2019",,,,,,
"Votto, Joey","458015","2019",,,,,,
"Gardner, Brett","458731","2019",,,,,,
"Braun, Ryan","460075","2019",,,,,,
"Gordon, Alex","460086","2019",,,,,,
"Andrus, Elvis","462101","2019",,,,,,
"Ramos, Wilson","467092","2019","2","2.01","1.57",,"0.71","81.6"
"Santana, Carlos","467793","2019",,,,,,
"Belt, Brandon","474832","2019",,,,,,
"Brantley Jr., Michael","488726","2019",,,,,,
"Gurriel, Yuli","493329","2019",,,,,,
"Rojas, Miguel","500743","2019",,,,,,
"Escobar, Eduardo","500871","2019",,,,,,
"Davis, Khris","501981","2019",,,,,,
"Pham, Tommy","502054","2019",,,,,,
"Martinez, J.D.","502110","2019",,,,,,
"Reddick, Josh","502210","2019",,,,,,
"Goldschmidt, Paul","502671","2019",,,,,,
"Altuve, Jose","514888","2019",,,,,,
"Hernández, César","514917","2019",,,,,,
"Segura, Jean","516416","2019",,,,,,
"Castro, Starlin","516770","2019",,,,,,
"Marte, Starling","516782","2019",,,,,,
"Donaldson, Josh","518626","2019",,,,,,
"Freeman, Freddie","518692","2019",,,,,,
"Grandal, Yasmani","518735","2019","2.07","2.09","1.66","1.66","0.72","78.5"
"Heyward, Jason","518792","2019",,,,,,
"LeMahieu, DJ","518934","2019",,,,,,
"Moustakas, Mike","519058","2019",,,,,,
"Rizzo, Anthony","519203","2019",,,,,,
"Galvis, Freddy","520471","2019",,,,,,
"García, Avisaíl","541645","2019",,,,,,
"Ozuna, Marcell","542303","2019",,,,,,
"Villar, Jonathan","542340","2019",,,,,,
"Santana, Danny","542454","2019",,,,,,
"Crawford, Brandon","543063","2019",,,,,,
"Hosmer, Eric","543333","2019",,,,,,
"Kipnis, Jason","543401","2019",,,,,,
"Rendon, Anthony","543685","2019",,,,,,
"Semien, Marcus","543760","2019",,,,,,
"Springer III, George","543807","2019",,,,,,
"Vázquez, Christian","543877","2019","1.98","2","1.55","1.52","0.71","81.5"
"Wong, Kolten","543939","2019",,,,,,
"Garcia, Leury","544725","2019",,,,,,
"Grichuk, Randal","545341","2019",,,,,,
"Trout, Mike","545361","2019",,,,,,
"Harper, Bryce","547180","2019",,,,,,
"Abreu, José","547989","2019",,,,,,
"Suárez, Eugenio","553993","2019",,,,,,
"Santana, Domingo","570267","2019",,,,,,
"Sánchez, Yolmer","570560","2019",,,,,,
"Arenado, Nolan","571448","2019",,,,,,
"Muncy, Max","571970","2019",,,,,,
"Voit III, Luke","572228","2019",,,,,,
"Walker, Christian","572233","2019",,,,,,
"Iglesias, Jose","578428","2019",,,,,,
"Bryant, Kris","592178","2019",,,,,,
"Castellanos, Nick","592206","2019",,,,,,
"Machado, Manny","592518","2019",,,,,,
"Moran, Colin","592567","2019",,,,,,
"Pederson, Joc","592626","2019",,,,,,
"Realmuto, J.T.","592663","2019","1.88","1.88","1.42","1.34","0.68","88.4"
"Rosario, Eddie","592696","2019",,,,,,
"Yelich, Christian","592885","2019",,,,,,
"Merrifield, Whit","593160","2019",,,,,,
"Bogaerts, Xander","593428","2019",,,,,,
"Alberto, Hanser","593643","2019",,,,,,
"Polanco, Jorge","593871","2019",,,,,,
"Calhoun, Kole","594777","2019",,,,,,
"Eaton, Adam","594809","2019",,,,,,
"Profar, Jurickson","595777","2019",,,,,,
"Báez, Javier","595879","2019",,,,,,
"Lindor, Francisco","596019","2019",,,,,,
"Odor, Rougned","596059","2019",,,,,,
"Story, Trevor","596115","2019",,,,,,
"Vogelbach, Daniel","596129","2019",,,,,,
"Kepler, Max","596146","2019",,,,,,
"Bradley Jr., Jackie","598265","2019",,,,,,
"Núñez, Renato","600524","2019",,,,,,
"Ahmed, Nick","605113","2019",,,,,,
"Anderson, Brian","605119","2019",,,,,,
"Bell, Josh","605137","2019",,,,,,
"Betts, Mookie","605141","2019",,,,,,
"Smith, Mallex","605480","2019",,,,,,
"Arcia, Orlando","606115","2019",,,,,,
"Marte, Ketel","606466","2019",,,,,,
"Turner, Trea","607208","2019",,,,,,
"Pillar, Kevin","607680","2019",,,,,,
"Ramírez, José","608070","2019",,,,,,
"Bregman, Alex","608324","2019",,,,,,
"Seager, Corey","608369","2019",,,,,,
"Reyes, Franmil","614177","2019",,,,,,
"Swanson, Dansby","621020","2019",,,,,,
"Newman, Kevin","621028","2019",,,,,,
"Olson, Matt","621566","2019",,,,,,
"Alonso, Pete","624413","2019",,,,,,
"Conforto, Michael","624424","2019",,,,,,
"Frazier, Adam","624428","2019",,,,,,
"Puig, Yasiel","624577","2019",,,,,,
"Soler, Jorge","624585","2019",,,,,,
"Meadows, Austin","640457","2019",,,,,,
"Anderson, Tim","641313","2019",,,,,,
"Bellinger, Cody","641355","2019",,,,,,
"Dozier, Hunter","641531","2019",,,,,,
"Mancini III, Trey","641820","2019",,,,,,
"McMahon, Ryan","641857","2019",,,,,,
"Rosario, Amed","642708","2019",,,,,,
"Adames, Willy","642715","2019",,,,,,
"Benintendi, Andrew","643217","2019",,,,,,
"McNeil, Jeff","643446","2019",,,,,,
"Albies, Ozzie","645277","2019",,,,,,
"Robles, Victor","645302","2019",,,,,,
"Devers, Rafael","646240","2019",,,,,,
"Jiménez, Eloy","650391","2019",,,,,,
"Torres, Gleyber","650402","2019",,,,,,
"Chapman, Matt","656305","2019",,,,,,
"Hoskins, Rhys","656555","2019",,,,,,
"Schwarber, Kyle","656941","2019",,,,,,
"DeJong, Paul","657557","2019",,,,,,
"Moncada, Yoán","660162","2019",,,,,,
"Acuña Jr., Ronald","660670","2019",,,,,,
"Fletcher, David","664058","2019",,,,,,
"Guerrero Jr., Vladimir","665489","2019",,,,,,
"Soto, Juan","665742","2019",,,,,,
"Reynolds, Bryan","668804","2019",,,,,,
"Cabrera, Miguel","408234","2020",,,,,,
"Cruz Jr., Nelson","443558","2020",,,,,,
"Peralta, David","444482","2020",,,,,,
"Longoria, Evan","446334","2020",,,,,,
"Cabrera, Asdrúbal","452678","2020",,,,,,
"Blackmon, Charlie","453568","2020",,,,,,
"Solano, Donovan","456781","2020",,,,,,
"McCutchen, Andrew","457705","2020",,,,,,
"Votto, Joey","458015","2020",,,,,,
"Santana, Carlos","467793","2020",,,,,,
"Brantley Jr., Michael","488726","2020",,,,,,
"Gurriel, Yuli","493329","2020",,,,,,
"Escobar, Eduardo","500871","2020",,,,,,
"Martinez, J.D.","502110","2020",,,,,,
"Reddick, Josh","502210","2020",,,,,,
"Goldschmidt, Paul","502671","2020",,,,,,
"Gonzalez, Marwin","503556","2020",,,,,,
"Altuve, Jose","514888","2020",,,,,,
"Hernández, César","514917","2020",,,,,,
"Segura, Jean","516416","2020",,,,,,
"Marte, Starling","516782","2020",,,,,,
"Freeman, Freddie","518692","2020",,,,,,
"Grandal, Yasmani","518735","2020","1.98","2",,,"0.67","77.5"
"LeMahieu, DJ","518934","2020",,,,,,
"Rizzo, Anthony","519203","2020",,,,,,
"Flores, Wilmer","527038","2020",,,,,,
"García, Avisaíl","541645","2020",,,,,,
"Ozuna, Marcell","542303","2020",,,,,,
"Villar, Jonathan","542340","2020",,,,,,
"Aguilar, Jesús","542583","2020",,,,,,
"Crawford, Brandon","543063","2020",,,,,,
"Grossman, Robbie","543257","2020",,,,,,
"Hicks, Aaron","543305","2020",,,,,,
"Rendon, Anthony","543685","2020",,,,,,
"Semien, Marcus","543760","2020",,,,,,
"Springer III, George","543807","2020",,,,,,
"Vázquez, Christian","543877","2020","1.97","1.94","1.84","2.29","0.69","79.5"
"Wong, Kolten","543939","2020",,,,,,
"Gregorius, Didi","544369","2020",,,,,,
"Grichuk, Randal","545341","2020",,,,,,
"Trout, Mike","545361","2020",,,,,,
"Ruiz, Rio","547004","2020",,,,,,
"Harper, Bryce","547180","2020",,,,,,
"Abreu, José","547989","2020",,,,,,
"Suárez, Eugenio","553993","2020",,,,,,
"González, Erik","570481","2020",,,,,,
"Arenado, Nolan","571448","2020",,,,,,
"Muncy, Max","571970","2020",,,,,,
"Myers, Wil","571976","2020",,,,,,
"Pollock, AJ","572041","2020",,,,,,
"Seager, Kyle","572122","2020",,,,,,
"Voit III, Luke","572228","2020",,,,,,
"Walker, Christian","572233","2020",,,,,,
"Dickerson, Corey","572816","2020",,,,,,
"Yastrzemski, Mike","573262","2020",,,,,,
"Contreras, Willson","575929","2020","1.94","1.92","1.48","1.48","0.75","84.3"
"Canha, Mark","592192","2020",,,,,,
"Castellanos, Nick","592206","2020",,,,,,
"Machado, Manny","592518","2020",,,,,,
"Moran, Colin","592567","2020",,,,,,
"Realmuto, J.T.","592663","2020","1.81","1.85","1.4",,"0.69","87.2"
"Rosario, Eddie","592696","2020",,,,,,
"Yelich, Christian","592885","2020",,,,,,
"Merrifield, Whit","593160","2020",,,,,,
"Bogaerts, Xander","593428","2020",,,,,,
"Alberto, Hanser","593643","2020",,,,,,
"Polanco, Jorge","593871","2020",,,,,,
"Sanó, Miguel","593934","2020",,,,,,
"Calhoun, Kole","594777","2020",,,,,,
"Duvall, Adam","594807","2020",,,,,,
"Profar, Jurickson","595777","2020",,,,,,
"Báez, Javier","595879","2020",,,,,,
"Lindor, Francisco","596019","2020",,,,,,
"Story, Trevor","596115","2020",,,,,,
"Kepler, Max","596146","2020",,,,,,
"Franco, Maikel","596748","2020",,,,,,
"Bradley Jr., Jackie","598265","2020",,,,,,
"La Stella, Tommy","600303","2020",,,,,,
"Núñez, Renato","600524","2020",,,,,,
"Candelario, Jeimer","600869","2020",,,,,,
"Ahmed, Nick","605113","2020",,,,,,
"Anderson, Brian","605119","2020",,,,,,
"Bell, Josh","605137","2020",,,,,,
"Betts, Mookie","605141","2020",,,,,,
"Davis, J.D.","605204","2020",,,,,,
"Arcia, Orlando","606115","2020",,,,,,
"Tapia, Raimel","606132","2020",,,,,,
"Hernández, Teoscar","606192","2020",,,,,,
"Marte, Ketel","606466","2020",,,,,,
"Nimmo, Brandon","607043","2020",,,,,,
"Turner, Trea","607208","2020",,,,,,
"Pillar, Kevin","607680","2020",,,,,,
"Ramírez, José","608070","2020",,,,,,
"Gallo, Joey","608336","2020",,,,,,
"Seager, Corey","608369","2020",,,,,,
"Mondesi, Adalberto","609275","2020",,,,,,
"Reyes, Franmil","614177","2020",,,,,,
"Swanson, Dansby","621020","2020",,,,,,
"Taylor, Chris","621035","2020",,,,,,
"Correa, Carlos","621043","2020",,,,,,
"Olson, Matt","621566","2020",,,,,,
"Reyes, Victor","622682","2020",,,,,,
"Alonso, Pete","624413","2020",,,,,,
"Biggio, Cavan","624415","2020",,,,,,
"Conforto, Michael","624424","2020",,,,,,
"Frazier, Adam","624428","2020",,,,,,
"Cronenworth, Jake","630105","2020",,,,,,
"Anderson, Tim","641313","2020",,,,,,
"Bellinger, Cody","641355","2020",,,,,,
"Crawford, J.P.","641487","2020",,,,,,
"Dozier, Hunter","641531","2020",,,,,,
"Lewis, Kyle","641786","2020",,,,,,
"McMahon, Ryan","641857","2020",,,,,,
"Smith, Dominic","642086","2020",,,,,,
"Adames, Willy","642715","2020",,,,,,
"Kiner-Falefa, Isiah","643396","2020",,,,,,
"McNeil, Jeff","643446","2020",,,,,,
"Robles, Victor","645302","2020",,,,,,
"Devers, Rafael","646240","2020",,,,,,
"Jiménez, Eloy","650391","2020",,,,,,
"Schwarber, Kyle","656941","2020",,,,,,
"Verdugo, Alex","657077","2020",,,,,,
"White, Evan","657108","2020",,,,,,
"Laureano, Ramón","657656","2020",,,,,,
"Moncada, Yoán","660162","2020",,,,,,
"Acuña Jr., Ronald","660670","2020",,,,,,
"Riley, Austin","663586","2020",,,,,,
"Tucker, Kyle","663656","2020",,,,,,
"Grisham, Trent","663757","2020",,,,,,
"Happ, Ian","664023","2020",,,,,,
"Lowe, Brandon","664040","2020",,,,,,
"Fletcher, David","664058","2020",,,,,,
"Tatis Jr., Fernando","665487","2020",,,,,,
"Guerrero Jr., Vladimir","665489","2020",,,,,,
"Soto, Juan","665742","2020",,,,,,
"Gurriel Jr., Lourdes","666971","2020",,,,,,
"Reynolds, Bryan","668804","2020",,,,,,
"Edman, Tommy","669242","2020",,,,,,
"Solak, Nick","669256","2020",,,,,,
"Hiura, Keston","669374","2020",,,,,,
"Lopez, Nicky","670032","2020",,,,,,
"Robert Jr., Luis","673357","2020",,,,,,
"Cabrera, Miguel","408234","2021",,,,,,
"Cruz Jr., Nelson","443558","2021",,,,,,
"Peralta, David","444482","2021",,,,,,
"Blackmon, Charlie","453568","2021",,,,,,
"McCutchen, Andrew","457705","2021",,,,,,
"Turner, Justin","457759","2021",,,,,,
"Votto, Joey","458015","2021",,,,,,
"Andrus, Elvis","462101","2021",,,,,,
"Santana, Carlos","467793","2021",,,,,,
"Lowrie, Jed","476704","2021",,,,,,
"Brantley Jr., Michael","488726","2021",,,,,,
"Gurriel, Yuli","493329","2021",,,,,,
"Rojas, Miguel","500743","2021",,,,,,
"Escobar, Eduardo","500871","2021",,,,,,
"Pham, Tommy","502054","2021",,,,,,
"Martinez, J.D.","502110","2021",,,,,,
"Goldschmidt, Paul","502671","2021",,,,,,
"Altuve, Jose","514888","2021",,,,,,
"Hernández, César","514917","2021",,,,,,
"Segura, Jean","516416","2021",,,,,,
"Marte, Starling","516782","2021",,,,,,
"Donaldson, Josh","518626","2021",,,,,,
"Freeman, Freddie","518692","2021",,,,,,
"LeMahieu, DJ","518934","2021",,,,,,
"Rizzo, Anthony","519203","2021",,,,,,
"Stanton, Giancarlo","519317","2021",,,,,,
"Perez, Salvador","521692","2021","1.97","1.98","1.55","1.43","0.71","81.7"
"García, Avisaíl","541645","2021",,,,,,
"Villar, Jonathan","542340","2021",,,,,,
"Aguilar, Jesús","542583","2021",,,,,,
"Crawford, Brandon","543063","2021",,,,,,
"Cron, C.J.","543068","2021",,,,,,
"Grossman, Robbie","543257","2021",,,,,,
"Harrison, Josh","543281","2021",,,,,,
"Hosmer, Eric","543333","2021",,,,,,
"Semien, Marcus","543760","2021",,,,,,
"Grichuk, Randal","545341","2021",,,,,,
"Harper, Bryce","547180","2021",,,,,,
"Abreu, José","547989","2021",,,,,,
"Suárez, Eugenio","553993","2021",,,,,,
"Schoop, Jonathan","570731","2021",,,,,,
"Arenado, Nolan","571448","2021",,,,,,
"Farmer, Kyle","571657","2021",,,,,,
"Haniger, Mitch","571745","2021",,,,,,
"Hernández, Enrique","571771","2021",,,,,,
"Muncy, Max","571970","2021",,,,,,
"Seager, Kyle","572122","2021",,,,,,
"Taylor, Michael A.","572191","2021",,,,,,
"Yastrzemski, Mike","573262","2021",,,,,,
"Iglesias, Jose","578428","2021",,,,,,
"Bryant, Kris","592178","2021",,,,,,
"Canha, Mark","592192","2021",,,,,,
"Castellanos, Nick","592206","2021",,,,,,
"Judge, Aaron","592450","2021",,,,,,
"Machado, Manny","592518","2021",,,,,,
"Realmuto, J.T.","592663","2021","1.84","1.82","1.43",,"0.71","87.4"
"Renfroe, Hunter","592669","2021",,,,,,
"Merrifield, Whit","593160","2021",,,,,,
"Bogaerts, Xander","593428","2021",,,,,,
"Polanco, Jorge","593871","2021",,,,,,
"Sanó, Miguel","593934","2021",,,,,,
"Duvall, Adam","594807","2021",,,,,,
"Báez, Javier","595879","2021",,,,,,
"Lindor, Francisco","596019","2021",,,,,,
"Story, Trevor","596115","2021",,,,,,
"Candelario, Jeimer","600869","2021",,,,,,
"Bell, Josh","605137","2021",,,,,,
"Betts, Mookie","605141","2021",,,,,,
"Tapia, Raimel","606132","2021",,,,,,
"Hernández, Teoscar","606192","2021",,,,,,
"Turner, Trea","607208","2021",,,,,,
"Ramírez, José","608070","2021",,,,,,
"Gallo, Joey","608336","2021",,,,,,
"Swanson, Dansby","621020","2021",,,,,,
"Newman, Kevin","621028","2021",,,,,,
"Taylor, Chris","621035","2021",,,,,,
"Correa, Carlos","621043","2021",,,,,,
"Olson, Matt","621566","2021",,,,,,
"Alonso, Pete","624413","2021",,,,,,
"Frazier, Adam","624428","2021",,,,,,
"Soler, Jorge","624585","2021",,,,,,
"Cronenworth, Jake","630105","2021",,,,,,
"Meadows, Austin","640457","2021",,,,,,
"Anderson, Tim","641313","2021",,,,,,
"Crawford, J.P.","641487","2021",,,,,,
"Dozier, Hunter","641531","2021",,,,,,
"Mancini III, Trey","641820","2021",,,,,,
"McMahon, Ryan","641857","2021",,,,,,
"O'Neill, Tyler","641933","2021",,,,,,
"Rosario, Amed","642708","2021",,,,,,
"Adames, Willy","642715","2021",,,,,,
"Benintendi, Andrew","643217","2021",,,,,,
"Kiner-Falefa, Isiah","643396","2021",,,,,,
"Albies, Ozzie","645277","2021",,,,,,
"Devers, Rafael","646240","2021",,,,,,
"Urías, Luis","649966","2021",,,,,,
"Torres, Gleyber","650402","2021",,,,,,
"Díaz, Yandy","650490","2021",,,,,,
"Chapman, Matt","656305","2021",,,,,,
"Mullins II, Cedric","656775","2021",,,,,,
"Smith, Pavin","656976","2021",,,,,,
"Verdugo, Alex","657077","2021",,,,,,
"Moncada, Yoán","660162","2021",,,,,,
"Ohtani, Shohei","660271","2021",,,,,,
"Riley, Austin","663586","2021",,,,,,
"Mountcastle, Ryan","663624","2021",,,,,,
"Tucker, Kyle","663656","2021",,,,,,
"India, Jonathan","663697","2021",,,,,,
"Grisham, Trent","663757","2021",,,,,,
"Lowe, Nathaniel","663993","2021",,,,,,
"Happ, Ian","664023","2021",,,,,,
"France, Ty","664034","2021",,,,,,
"Lowe, Brandon","664040","2021",,,,,,
"Fletcher, David","664058","2021",,,,,,
"Straw, Myles","664702","2021",,,,,,
"Walsh, Jared","665120","2021",,,,,,
"Tatis Jr., Fernando","665487","2021",,,,,,
"Guerrero Jr., Vladimir","665489","2021",,,,,,
"Soto, Juan","665742","2021",,,,,,
"Chisholm Jr., Jazz","665862","2021",,,,,,
"Bichette, Bo","666182","2021",,,,,,
"Carlson, Dylan","666185","2021",,,,,,
"García, Adolis","666969","2021",,,,,,
"Gurriel Jr., Lourdes","666971","2021",,,,,,
"Arozarena, Randy","668227","2021",,,,,,
"Reynolds, Bryan","668804","2021",,,,,,
"Rojas, Josh","668942","2021",,,,,,
"Edman, Tommy","669242","2021",,,,,,
"Solak, Nick","669256","2021",,,,,,
"Hays, Austin","669720","2021",,,,,,
"Lopez, Nicky","670032","2021",,,,,,
"Alvarez, Yordan","670541","2021",,,,,,
"Cruz Jr., Nelson","443558","2022",,,,,,
"Blackmon, Charlie","453568","2022",,,,,,
"McCutchen, Andrew","457705","2022",,,,,,
"Turner, Justin","457759","2022",,,,,,
"Andrus, Elvis","462101","2022",,,,,,
"Santana, Carlos","467793","2022",,,,,,
"Gurriel, Yuli","493329","2022",,,,,,
"Rojas, Miguel","500743","2022",,,,,,
"Escobar, Eduardo","500871","2022",,,,,,
"Pham, Tommy","502054","2022",,,,,,
"Martinez, J.D.","502110","2022",,,,,,
"Goldschmidt, Paul","502671","2022",,,,,,
"Altuve, Jose","514888","2022",,,,,,
"Hernández, César","514917","2022",,,,,,
"Marte, Starling","516782","2022",,,,,,
"Donaldson, Josh","518626","2022",,,,,,
"Freeman, Freddie","518692","2022",,,,,,
"LeMahieu, DJ","518934","2022",,,,,,
"Rizzo, Anthony","519203","2022",,,,,,
"Flores, Wilmer","527038","2022",,,,,,
"Ozuna, Marcell","542303","2022",,,,,,
"Aguilar, Jesús","542583","2022",,,,,,
"Cron, C.J.","543068","2022",,,,,,
"Semien, Marcus","543760","2022",,,,,,
"Springer III, George","543807","2022",,,,,,
"Grichuk, Randal","545341","2022",,,,,,
"Abreu, José","547989","2022",,,,,,
"Suárez, Eugenio","553993","2022",,,,,,
"Urshela, Gio","570482","2022",,,,,,
"Schoop, Jonathan","570731","2022",,,,,,
"Arenado, Nolan","571448","2022",,,,,,
"Farmer, Kyle","571657","2022",,,,,,
"Muncy, Max","571970","2022",,,,,,
"Pollock, AJ","572041","2022",,,,,,
"Voit III, Luke","572228","2022",,,,,,
"Walker, Christian","572233","2022",,,,,,
"Yastrzemski, Mike","573262","2022",,,,,,
"Canha, Mark","592192","2022",,,,,,
"Castellanos, Nick","592206","2022",,,,,,
"Drury, Brandon","592273","2022",,,,,,
"Judge, Aaron","592450","2022",,,,,,
"Machado, Manny","592518","2022",,,,,,
"Realmuto, J.T.","592663","2022","1.82","1.83","1.4",,"0.66","87.6"
"Renfroe, Hunter","592669","2022",,,,,,
"Yelich, Christian","592885","2022",,,,,,
"Merrifield, Whit","593160","2022",,,,,,
"Bogaerts, Xander","593428","2022",,,,,,
"Profar, Jurickson","595777","2022",,,,,,
"Báez, Javier","595879","2022",,,,,,
"Lindor, Francisco","596019","2022",,,,,,
"Bell, Josh","605137","2022",,,,,,
"Betts, Mookie","605141","2022",,,,,,
"Hernández, Teoscar","606192","2022",,,,,,
"Marte, Ketel","606466","2022",,,,,,
"Nimmo, Brandon","607043","2022",,,,,,
"Turner, Trea","607208","2022",,,,,,
"Ramírez, José","608070","2022",,,,,,
"Bregman, Alex","608324","2022",,,,,,
"Seager, Corey","608369","2022",,,,,,
"Winker, Jesse","608385","2022",,,,,,
"Swanson, Dansby","621020","2022",,,,,,
"Correa, Carlos","621043","2022",,,,,,
"Ward, Taylor","621493","2022",,,,,,
"Wisdom, Patrick","621550","2022",,,,,,
"Olson, Matt","621566","2022",,,,,,
"Mateo, Jorge","622761","2022",,,,,,
"Santander, Anthony","623993","2022",,,,,,
"Alonso, Pete","624413","2022",,,,,,
"Frazier, Adam","624428","2022",,,,,,
"Cronenworth, Jake","630105","2022",,,,,,
"Bellinger, Cody","641355","2022",,,,,,
"Crawford, J.P.","641487","2022",,,,,,
"Mancini III, Trey","641820","2022",,,,,,
"McMahon, Ryan","641857","2022",,,,,,
"Tellez, Rowdy","642133","2022",,,,,,
"Rosario, Amed","642708","2022",,,,,,
"Adames, Willy","642715","2022",,,,,,
"Estrada, Thairo","642731","2022",,,,,,
"Benintendi, Andrew","643217","2022",,,,,,
"Kemp, Tony","643393","2022",,,,,,
"Kiner-Falefa, Isiah","643396","2022",,,,,,
"McNeil, Jeff","643446","2022",,,,,,
"Devers, Rafael","646240","2022",,,,,,
"Arraez, Luis","650333","2022",,,,,,
"Torres, Gleyber","650402","2022",,,,,,
"Díaz, Yandy","650490","2022",,,,,,
"Rengifo, Luis","650859","2022",,,,,,
"Chapman, Matt","656305","2022",,,,,,
"Hoskins, Rhys","656555","2022",,,,,,
"Mullins II, Cedric","656775","2022",,,,,,
"Schwarber, Kyle","656941","2022",,,,,,
"Thomas, Lane","657041","2022",,,,,,
"Verdugo, Alex","657077","2022",,,,,,
"Ohtani, Shohei","660271","2022",,,,,,
"Acuña Jr., Ronald","660670","2022",,,,,,
"Varsho, Daulton","662139","2022","1.96","1.96",,,"0.68","78.9"
"Hoerner, Nico","663538","2022",,,,,,
"Riley, Austin","663586","2022",,,,,,
"Mountcastle, Ryan","663624","2022",,,,,,
"Hayes, Ke'Bryan","663647","2022",,,,,,
"Tucker, Kyle","663656","2022",,,,,,
"Grisham, Trent","663757","2022",,,,,,
"Rodgers, Brendan","663898","2022",,,,,,
"Lowe, Nathaniel","663993","2022",,,,,,
"Happ, Ian","664023","2022",,,,,,
"France, Ty","664034","2022",,,,,,
"Straw, Myles","664702","2022",,,,,,
"Bohm, Alec","664761","2022",,,,,,
"Brown, Seth","664913","2022",,,,,,
"Peña, Jeremy","665161","2022",,,,,,
"Guerrero Jr., Vladimir","665489","2022",,,,,,
"Soto, Juan","665742","2022",,,,,,
"Giménez, Andrés","665926","2022",,,,,,
"Bichette, Bo","666182","2022",,,,,,
"García, Adolis","666969","2022",,,,,,
"Arozarena, Randy","668227","2022",,,,,,
"Reynolds, Bryan","668804","2022",,,,,,
"Rojas, Josh","668942","2022",,,,,,
"Melendez Jr., MJ","669004","2022","1.97","1.94","1.62",,"0.74","83"
"Murphy, Sean","669221","2022","1.89","1.91","1.4","1.4","0.7","86.1"
"Edman, Tommy","669242","2022",,,,,,
"Smith, Will","669257","2022","1.93","1.88","1.51",,"0.71","83.6"
"Hays, Austin","669720","2022",,,,,,
"Alvarez, Yordan","670541","2022",,,,,,
"Kirk, Alejandro","672386","2022","1.99","1.99","1.52",,"0.72","80.3"
"Kim, Ha-Seong","673490","2022",,,,,,
"Rodríguez, Julio","677594","2022",,,,,,
"Witt Jr., Bobby","677951","2022",,,,,,
"Kwan, Steven","680757","2022",,,,,,
"Vaughn, Andrew","683734","2022",,,,,,
"Turner, Justin","457759","2023",,,,,,
"Santana, Carlos","467793","2023",,,,,,
"Goldschmidt, Paul","502671","2023",,,,,,
"Freeman, Freddie","518692","2023",,,,,,
"LeMahieu, DJ","518934","2023",,,,,,
"Perez, Salvador","521692","2023","1.98","1.97","1.51","1.44","0.63","80"
"Ozuna, Marcell","542303","2023",,,,,,
"Semien, Marcus","543760","2023",,,,,,
"Springer III, George","543807","2023",,,,,,
"Harper, Bryce","547180","2023",,,,,,
"Abreu, José","547989","2023",,,,,,
"Díaz, Elias","553869","2023","1.93","1.93","1.5","1.62","0.67","83.4"
"Suárez, Eugenio","553993","2023",,,,,,
"Arenado, Nolan","571448","2023",,,,,,
"Hernández, Enrique","571771","2023",,,,,,
"Muncy, Max","571970","2023",,,,,,
"Walker, Christian","572233","2023",,,,,,
"Canha, Mark","592192","2023",,,,,,
"Castellanos, Nick","592206","2023",,,,,,
"Drury, Brandon","592273","2023",,,,,,
"Machado, Manny","592518","2023",,,,,,
"Realmuto, J.T.","592663","2023","1.83","1.83","1.4","1.36","0.6","86.6"
"Renfroe, Hunter","592669","2023",,,,,,
"Rosario, Eddie","592696","2023",,,,,,
"Yelich, Christian","592885","2023",,,,,,
"Merrifield, Whit","593160","2023",,,,,,
"Bogaerts, Xander","593428","2023",,,,,,
"Profar, Jurickson","595777","2023",,,,,,
"Báez, Javier","595879","2023",,,,,,
"Lindor, Francisco","596019","2023",,,,,,
"Candelario, Jeimer","600869","2023",,,,,,
"Bell, Josh","605137","2023",,,,,,
"Betts, Mookie","605141","2023",,,,,,
"Davis, J.D.","605204","2023",,,,,,
"Arcia, Orlando","606115","2023",,,,,,
"Hernández, Teoscar","606192","2023",,,,,,
"Marte, Ketel","606466","2023",,,,,,
"Nimmo, Brandon","607043","2023",,,,,,
"Turner, Trea","607208","2023",,,,,,
"Ramírez, José","608070","2023",,,,,,
"Bregman, Alex","608324","2023",,,,,,
"Seager, Corey","608369","2023",,,,,,
"Meneses, Joey","608841","2023",,,,,,
"Swanson, Dansby","621020","2023",,,,,,
"Correa, Carlos","621043","2023",,,,,,
"Olson, Matt","621566","2023",,,,,,
"Santander, Anthony","623993","2023",,,,,,
"Alonso, Pete","624413","2023",,,,,,
"Soler, Jorge","624585","2023",,,,,,
"Cronenworth, Jake","630105","2023",,,,,,
"Anderson, Tim","641313","2023",,,,,,
"Bellinger, Cody","641355","2023",,,,,,
"Crawford, J.P.","641487","2023",,,,,,
"McMahon, Ryan","641857","2023",,,,,,
"Smith, Dominic","642086","2023",,,,,,
"Rosario, Amed","642708","2023",,,,,,
"Adames, Willy","642715","2023",,,,,,
"Estrada, Thairo","642731","2023",,,,,,
"Benintendi, Andrew","643217","2023",,,,,,
"McNeil, Jeff","643446","2023",,,,,,
"Albies, Ozzie","645277","2023",,,,,,
"Devers, Rafael","646240","2023",,,,,,
"Arraez, Luis","650333","2023",,,,,,
"Torres, Gleyber","650402","2023",,,,,,
"Díaz, Yandy","650490","2023",,,,,,
"De La Cruz, Bryan","650559","2023",,,,,,
"Chapman, Matt","656305","2023",,,,,,
"McKinstry, Zach","656716","2023",,,,,,
"Schwarber, Kyle","656941","2023",,,,,,
"Thomas, Lane","657041","2023",,,,,,
"Verdugo, Alex","657077","2023",,,,,,
"Ohtani, Shohei","660271","2023",,,,,,
"Acuña Jr., Ronald","660670","2023",,,,,,
"Ruiz, Keibert","660688","2023","2.06","2.05","1.56","1.56","0.69","77.5"
"Contreras, William","661388","2023","1.95","1.95","1.6",,"0.65","81.9"
"Varsho, Daulton","662139","2023",,,,,,
"Nootbaar, Lars","663457","2023",,,,,,
"Hoerner, Nico","663538","2023",,,,,,
"Riley, Austin","663586","2023",,,,,,
"Hayes, Ke'Bryan","663647","2023",,,,,,
"Tucker, Kyle","663656","2023",,,,,,
"India, Jonathan","663697","2023",,,,,,
"Raleigh, Cal","663728","2023","1.96","1.95","1.47",,"0.68","84.8"
"Grisham, Trent","663757","2023",,,,,,
"Vierling, Matt","663837","2023",,,,,,
"Stephenson, Tyler","663886","2023","2.01","1.96","1.58","1.71","0.7","82.1"
"Lowe, Nathaniel","663993","2023",,,,,,
"Happ, Ian","664023","2023",,,,,,
"France, Ty","664034","2023",,,,,,
"Straw, Myles","664702","2023",,,,,,
"Bohm, Alec","664761","2023",,,,,,
"Wade Jr., LaMonte","664774","2023",,,,,,
"Peña, Jeremy","665161","2023",,,,,,
"Tatis Jr., Fernando","665487","2023",,,,,,
"Guerrero Jr., Vladimir","665489","2023",,,,,,
"Soto, Juan","665742","2023",,,,,,
"Taveras, Leody","665750","2023",,,,,,
"Giménez, Andrés","665926","2023",,,,,,
"Bichette, Bo","666182","2023",,,,,,
"García, Adolis","666969","2023",,,,,,
"Gurriel Jr., Lourdes","666971","2023",,,,,,
"Rooker Jr., Brent","667670","2023",,,,,,
"Arozarena, Randy","668227","2023",,,,,,
"Steer, Spencer","668715","2023",,,,,,
"Reynolds, Bryan","668804","2023",,,,,,
"Rutschman, Adley","668939","2023","1.91","1.92","1.46",,"0.65","85.3"
"Melendez Jr., MJ","669004","2023","2.1",,"1.6",,"0.79","79.7"
"Edman, Tommy","669242","2023",,,,,,
"Smith, Will","669257","2023","1.91","1.97","1.51","1.49","0.61","82.8"
"Suwinski, Jack","669261","2023",,,,,,
"Burger, Jake","669394","2023",,,,,,
"Hays, Austin","669720","2023",,,,,,
"Paredes, Isaac","670623","2023",,,,,,
"Friedl Jr., TJ","670770","2023",,,,,,
"Casas, Triston","671213","2023",,,,,,
"Harris II, Michael","671739","2023",,,,,,
"Garcia, Maikel","672580","2023",,,,,,
"Robert Jr., Luis","673357","2023",,,,,,
"Kim, Ha-Seong","673490","2023",,,,,,
"Suzuki, Seiya","673548","2023",,,,,,
"Jung, Josh","673962","2023",,,,,,
"Rodríguez, Julio","677594","2023",,,,,,
"Witt Jr., Bobby","677951","2023",,,,,,
"Tovar, Ezequiel","678662","2023",,,,,,
"Torkelson, Spencer","679529","2023",,,,,,
"Kwan, Steven","680757","2023",,,,,,
"Stott, Bryson","681082","2023",,,,,,
"Outman, James","681546","2023",,,,,,
"Abrams, CJ","682928","2023",,,,,,
"Carroll, Corbin","682998","2023",,,,,,
"Henderson, Gunnar","683002","2023",,,,,,
"Volpe, Anthony","683011","2023",,,,,,
"Vaughn, Andrew","683734","2023",,,,,,
"Yoshida, Masataka","807799","2023",,,,,,
"McCutchen, Andrew","457705","2024",,,,,,
"Turner, Justin","457759","2024",,,,,,
"Santana, Carlos","467793","2024",,,,,,
"Goldschmidt, Paul","502671","2024",,,,,,
"Altuve, Jose","514888","2024",,,,,,
"Freeman, Freddie","518692","2024",,,,,,
"Perez, Salvador","521692","2024","2.02","2.02","1.43","1.43","0.65","80.6"
"Ozuna, Marcell","542303","2024",,,,,,
"Semien, Marcus","543760","2024",,,,,,
"Springer III, George","543807","2024",,,,,,
"Harper, Bryce","547180","2024",,,,,,
"Suárez, Eugenio","553993","2024",,,,,,
"Arenado, Nolan","571448","2024",,,,,,
"Walker, Christian","572233","2024",,,,,,
"Canha, Mark","592192","2024",,,,,,
"Castellanos, Nick","592206","2024",,,,,,
"Judge, Aaron","592450","2024",,,,,,
"Machado, Manny","592518","2024",,,,,,
"Yelich, Christian","592885","2024",,,,,,
"Profar, Jurickson","595777","2024",,,,,,
"Lindor, Francisco","596019","2024",,,,,,
"Candelario, Jeimer","600869","2024",,,,,,
"Bell, Josh","605137","2024",,,,,,
"Betts, Mookie","605141","2024",,,,,,
"Arcia, Orlando","606115","2024",,,,,,
"Hernández, Teoscar","606192","2024",,,,,,
"Marte, Ketel","606466","2024",,,,,,
"Nimmo, Brandon","607043","2024",,,,,,
"Ramírez, José","608070","2024",,,,,,
"Bregman, Alex","608324","2024",,,,,,
"Seager, Corey","608369","2024",,,,,,
"Winker, Jesse","608385","2024",,,,,,
"Meneses, Joey","608841","2024",,,,,,
"Swanson, Dansby","621020","2024",,,,,,
"Correa, Carlos","621043","2024",,,,,,
"Ward, Taylor","621493","2024",,,,,,
"Olson, Matt","621566","2024",,,,,,
"Santander, Anthony","623993","2024",,,,,,
"Alonso, Pete","624413","2024",,,,,,
"Soler, Jorge","624585","2024",,,,,,
"Cronenworth, Jake","630105","2024",,,,,,
"Bellinger, Cody","641355","2024",,,,,,
"Crawford, J.P.","641487","2024",,,,,,
"Garver, Mitch","641598","2024","2.01","2.02",,,"0.66","79.6"
"Heim, Jonah","641680","2024","1.96","1.97","1.53","1.5","0.68","83.4"
"McMahon, Ryan","641857","2024",,,,,,
"Adames, Willy","642715","2024",,,,,,
"Estrada, Thairo","642731","2024",,,,,,
"McNeil, Jeff","643446","2024",,,,,,
"Albies, Ozzie","645277","2024",,,,,,
"Devers, Rafael","646240","2024",,,,,,
"Naylor, Josh","647304","2024",,,,,,
"Arraez, Luis","650333","2024",,,,,,
"Torres, Gleyber","650402","2024",,,,,,
"Castro, Willi","650489","2024",,,,,,
"Díaz, Yandy","650490","2024",,,,,,
"De La Cruz, Bryan","650559","2024",,,,,,
"Chapman, Matt","656305","2024",,,,,,
"Joe, Connor","656582","2024",,,,,,
"Schwarber, Kyle","656941","2024",,,,,,
"Thomas, Lane","657041","2024",,,,,,
"Verdugo, Alex","657077","2024",,,,,,
"DeJong, Paul","657557","2024",,,,,,
"Sheets, Gavin","657757","2024",,,,,,
"Ohtani, Shohei","660271","2024",,,,,,
"Contreras, William","661388","2024","1.96","1.93","1.6","1.72","0.64","82.5"
"Varsho, Daulton","662139","2024",,,,,,
"Hoerner, Nico","663538","2024",,,,,,
"Riley, Austin","663586","2024",,,,,,
"Mountcastle, Ryan","663624","2024",,,,,,
"India, Jonathan","663697","2024",,,,,,
"Raleigh, Cal","663728","2024","1.95","1.97","1.5","1.53","0.66","84.5"
"Vierling, Matt","663837","2024",,,,,,
"Rodgers, Brendan","663898","2024",,,,,,
"Lowe, Nathaniel","663993","2024",,,,,,
"Happ, Ian","664023","2024",,,,,,
"France, Ty","664034","2024",,,,,,
"Bohm, Alec","664761","2024",,,,,,
"Peña, Jeremy","665161","2024",,,,,,
"Tatis Jr., Fernando","665487","2024",,,,,,
"Guerrero Jr., Vladimir","665489","2024",,,,,,
"Soto, Juan","665742","2024",,,,,,
"Taveras, Leody","665750","2024",,,,,,
"Cruz, Oneil","665833","2024",,,,,,
"Chisholm Jr., Jazz","665862","2024",,,,,,
"Giménez, Andrés","665926","2024",,,,,,
"Bichette, Bo","666182","2024",,,,,,
"Morel, Christopher","666624","2024",,,,,,
"García, Adolis","666969","2024",,,,,,
"Gurriel Jr., Lourdes","666971","2024",,,,,,
"Rooker Jr., Brent","667670","2024",,,,,,
"Arozarena, Randy","668227","2024",,,,,,
"Bleday, JJ","668709","2024",,,,,,
"Steer, Spencer","668715","2024",,,,,,
"Reynolds, Bryan","668804","2024",,,,,,
"Turang, Brice","668930","2024",,,,,,
"Rutschman, Adley","668939","2024","1.97","1.98","1.5","1.52","0.71","84.7"
"Langeliers, Shea","669127","2024","1.9","1.87","1.42",,"0.64","86.3"
"Smith, Will","669257","2024","1.93","1.92",,,"0.62","82.9"
"Gorman, Nolan","669357","2024",,,,,,
"Burger, Jake","669394","2024",,,,,,
"Smith, Josh","669701","2024",,,,,,
"Alvarez, Yordan","670541","2024",,,,,,
"Paredes, Isaac","670623","2024",,,,,,
"García, Luis","671277","2024",,,,,,
"Freeman, Tyler","671289","2024",,,,,,
"Garcia, Maikel","672580","2024",,,,,,
"Diaz, Yainer","673237","2024","1.96","1.91","1.47","1.46","0.73","86.8"
"Kim, Ha-Seong","673490","2024",,,,,,
"Suzuki, Seiya","673548","2024",,,,,,
"Westburg, Jordan","676059","2024",,,,,,
"Burleson, Alec","676475","2024",,,,,,
"Rodríguez, Julio","677594","2024",,,,,,
"Witt Jr., Bobby","677951","2024",,,,,,
"Tovar, Ezequiel","678662","2024",,,,,,
"Rafaela, Ceddanne","678882","2024",,,,,,
"Kwan, Steven","680757","2024",,,,,,
"Duran, Jarren","680776","2024",,,,,,
"Gelof, Zack","680869","2024",,,,,,
"Donovan, Brendan","680977","2024",,,,,,
"Stott, Bryson","681082","2024",,,,,,
"O'Hoppe, Logan","681351","2024","2.02","1.97","1.61","1.65","0.74","84"
"Pages, Andy","681624","2024",,,,,,
"De La Cruz, Elly","682829","2024",,,,,,
"Abrams, CJ","682928","2024",,,,,,
"Greene, Riley","682985","2024",,,,,,
"Carroll, Corbin","682998","2024",,,,,,
"Henderson, Gunnar","683002","2024",,,,,,
"Volpe, Anthony","683011","2024",,,,,,
"Vaughn, Andrew","683734","2024",,,,,,
"Busch, Michael","683737","2024",,,,,,
"Frelick, Sal","686217","2024",,,,,,
"Pasquantino, Vinnie","686469","2024",,,,,,
"Doyle, Brenton","686668","2024",,,,,,
"Neto, Zach","687263","2024",,,,,,
"Keith, Colt","690993","2024",,,,,,
"Winn, Masyn","691026","2024",,,,,,
"Chourio, Jackson","694192","2024",,,,,,
"Schanuel, Nolan","694384","2024",,,,,,
"Young, Jacob","696285","2024",,,,,,
"Merrill, Jackson","701538","2024",,,,,,